Training,BLEU,ROUGE-1,,,ROUGE-2,,,ROUGE-L,,,BERT,,,Fineturning
/Testing,,r ,p,f,r ,p,f,r ,p,f,R,P,F1,Time
LM32_11B_QLoRA,0.020218339212536518,0.5714285714285714,0.3333333333333333,0.4210526269252078,0.3333333333333333,0.16666666666666666,0.22222221777777784,0.5714285714285714,0.3333333333333333,0.4210526269252078,-0.1021,-0.0051,-0.0538,
