Training,BLEU,ROUGE-1,,,ROUGE-2,,,ROUGE-L,,,BERT,,,Fineturning
/Testing,,r ,p,f,r ,p,f,r ,p,f,R,P,F1,Time
LM32_3B_QLoRA,0.02345088425545713,0.2857142857142857,0.08,0.12499999658203134,0.0,0.0,0.0,0.2857142857142857,0.08,0.12499999658203134,-0.0180,0.0579,0.0198,
