Training,BLEU,ROUGE-1,,,ROUGE-2,,,ROUGE-L,,,BERT,,,Fineturning
/Testing,,r ,p,f,r ,p,f,r ,p,f,R,P,F1,Time
LM32_3B,0.027175983607121267,0.14285714285714285,0.05263157894736842,0.07692307298816588,0.0,0.0,0.0,0.14285714285714285,0.05263157894736842,0.07692307298816588,-0.0788,-0.0006,-0.0408,
