Training,BLEU,ROUGE-1,,,ROUGE-2,,,ROUGE-L,,,BERT,,,Fineturning
/Testing,,r ,p,f,r ,p,f,r ,p,f,R,P,F1,Time
LM32_1B,0.026840332626854296,0.5714285714285714,0.2857142857142857,0.3809523765079365,0.3333333333333333,0.13333333333333333,0.19047618639455788,0.5714285714285714,0.2857142857142857,0.3809523765079365,-0.1573,0.0079,-0.0783,
